{"cameraMode":{"drawMode":0,"name":"Shaded","section":"Shading Mode"},"sceneLighting":true,"audioPlay":false,"sceneViewState":{"showFog":true,"showMaterialUpdate":false,"showSkybox":true,"showFlares":true,"showImageEffects":true,"showParticleSystems":true},"in2DMode":false,"pivot":{"x":504.67816162109377,"y":259.8428955078125,"z":90.4769058227539},"rotation":{"x":0.06511518359184265,"y":0.2593013048171997,"z":0.017621727660298349,"w":-0.9635697603225708},"size":325.4762878417969,"orthographic":true}